﻿<?xml version="1.0" encoding="utf-8" standalone="yes"?>
<languages>
  <language name="English" id="en">
    <contenttypes>
      <customizedsearchblock>
        <name>Customized search</name>
        <description>Define a customized search to include in other content</description>
        <properties>
          <heading>
            <caption>Search heading</caption>
            <help>Search result list heading</help>
          </heading>
          <customizedsearchsettings>
            <caption>Basic search settings</caption>
          </customizedsearchsettings>
          <customizedsearchadvancedsettings>
            <caption>Advanced search settings</caption>
          </customizedsearchadvancedsettings>
        </properties>
      </customizedsearchblock>
      <customizedsearchsettings>
        <properties>
          <searchphrase>
            <caption>Search phrase</caption>
            <help>Phrase to search for</help>
          </searchphrase>
          <useandbetweenwords>
            <caption>Match all words</caption>
            <help>Each search hit should contain all words in the search phrase</help>
          </useandbetweenwords>
          <numberofhits>
            <caption>Number of hits</caption>
            <help>Define the number of search hits to display in the result list</help>
          </numberofhits>
          <includedescription>
            <caption>Include description</caption>
            <help>Display item descriptions in the search result list</help>
          </includedescription>
        </properties>
      </customizedsearchsettings>
      <customizedsearchadvancedsettings>
        <properties>
          <rootcontent>
            <caption>Search root</caption>
            <help>Limit search to subitems of the selected root node. If a node is not selected, all nodes will be searched.</help>
          </rootcontent>
          <contenttypes>
            <caption>Limit search to content types</caption>
            <help>Limit search to selected content types such as page types, images or documents. If nothing is selected here, all content types will be searched.</help>
          </contenttypes>
          <includebestbets>
            <caption>Include Best Bets</caption>
            <help>Include Best Bets in the search result list</help>
          </includebestbets>
          <usesynonyms>
            <caption>Use synonyms</caption>
            <help>Include synonyms in the search result list</help>
          </usesynonyms>
        </properties>
      </customizedsearchadvancedsettings>
    </contenttypes>
    <EPiServer>
      <Find>
        <Blocks>
          <CustomizedSearchBlock>
            <WebContentContentType>Web Content</WebContentContentType>
          </CustomizedSearchBlock>
        </Blocks>
      </Find>
    </EPiServer>
  </language>
</languages>
