﻿<?xml version="1.0" encoding="utf-8" standalone="yes"?>
<languages>
  <language name="Swedish" id="sv">
    <contenttypes>
      <customizedsearchblock>
        <name>Anpassad sökning</name>
        <description>Definiera en anpassad sökning att inkludera i annat innehåll</description>
        <properties>
          <heading>
            <caption>Sökrubrik</caption>
            <help>Rubrik för sökresultatlista</help>
          </heading>
          <customizedsearchsettings>
            <caption>Grundläggande sökinställningar</caption>
          </customizedsearchsettings>
          <customizedsearchadvancedsettings>
            <caption>Avancerade sökinställningar</caption>
          </customizedsearchadvancedsettings>                  
      </properties>
      </customizedsearchblock>
      <customizedsearchsettings>
        <properties>
          <searchphrase>
            <caption>Sökfras</caption>
            <help>Fras att söka efter</help>
          </searchphrase>
          <useandbetweenwords>
            <caption>Matcha alla ord</caption>
            <help>Varje sökträff ska innehålla alla ord I sökfrasen</help>
          </useandbetweenwords>
          <numberofhits>
            <caption>Antal träffar</caption>
            <help>Ange antalet träffar som ska visas i sökresultatlistan</help>
          </numberofhits>
          <includedescription>
            <caption>Inkludera beskrivning</caption>
            <help>Visa beskrivningar av objekten i sökresultatlistan</help>
          </includedescription>
        </properties>
      </customizedsearchsettings>
      <customizedsearchadvancedsettings>
        <properties>
          <rootcontent>
            <caption>Sökrot</caption>
            <help>Begränsa sökningen till underliggande objekt för vald rotnod. Om ingen nod har valts kommer alla noder att genomsökas.</help>
          </rootcontent>
          <contenttypes>
            <caption>Begränsa sökningen till innehållstyper</caption>
            <help>Begränsa sökningen till valda innehållstyper som sidtyper, bilder eller dokument. Om inget har valts här kommer alla innehållstyper att genomsökas.</help>
          </contenttypes>
          <includebestbets>
            <caption>Inkludera best bets</caption>
            <help>Inkludera best bets i sökresultatlistan</help>
          </includebestbets>
          <usesynonyms>
            <caption>Använd synonymer</caption>
            <help>Inkludera synonymer i sökresultatlistan</help>
          </usesynonyms>
        </properties>
      </customizedsearchadvancedsettings>
    </contenttypes>
    <EPiServer>
      <Find>
        <Blocks>
          <CustomizedSearchBlock>
            <WebContentContentType>Web Content</WebContentContentType>
          </CustomizedSearchBlock>
        </Blocks>
      </Find>
    </EPiServer>
  </language>
</languages>
